DateTime,FR007.IR,FR007S10Y.IR,FR007S14D.IR,FR007S1M.IR,FR007S1Y.IR,FR007S20Y.IR,FR007S2M.IR,FR007S2Y.IR,FR007S30Y.IR,FR007S3M.IR,FR007S3Y.IR,FR007S4Y.IR,FR007S5Y.IR,FR007S6M.IR,FR007S6Y.IR,FR007S7D.IR,FR007S7Y.IR,FR007S9M.IR
2026/8/31,1.425,1.6075,NaN,1.435,1.425,1.92,3.34,1.4225,1.85,1.435,1.45,1.48,1.5075,1.435,3.85,NaN,1.5625,1.4275
2026/9/1,1.42,1.6075,NaN,1.435,1.4225,1.92,3.34,1.42,1.85,1.435,1.4425,1.4725,1.505,1.435,3.85,NaN,1.5465,1.4275
2026/9/2,1.415,1.6075,NaN,1.44,1.4275,1.92,3.34,1.4275,1.85,1.4375,1.4475,1.485,1.51,1.44,3.85,NaN,1.5575,1.43
2026/9/3,1.415,1.6075,NaN,1.435,1.425,1.92,3.34,1.425,1.85,1.4325,1.445,1.4825,1.505,1.435,3.85,NaN,1.555,1.4275
2026/9/4,1.41,1.6075,NaN,1.4325,1.4275,1.92,3.34,1.4275,1.85,1.43,1.45,1.48,1.5125,1.4375,3.85,NaN,1.549,1.4325
2026/9/7,1.41,1.6075,NaN,1.4325,1.425,1.92,3.34,1.425,1.85,1.435,1.4475,1.48,1.51,1.435,3.85,NaN,1.555,1.43
2026/9/8,1.41,1.6075,NaN,1.4325,1.4275,1.92,3.34,1.4275,1.85,1.4325,1.4475,1.4775,1.5075,1.4375,3.85,NaN,1.555,1.43
2026/9/9,1.415,1.6075,NaN,1.435,1.4275,1.92,3.34,1.4275,1.85,1.4325,1.445,1.48,1.5075,1.435,3.85,NaN,1.555,1.4325
2026/9/10,1.43,1.61,NaN,1.435,1.43,1.92,3.34,1.43,1.85,1.435,1.45,1.48,1.5075,1.44,3.85,NaN,1.555,1.4325
2026/9/11,1.42,1.61,NaN,1.43,1.4325,1.92,3.34,1.435,1.85,1.435,1.4525,1.4825,1.5175,1.44,3.85,NaN,1.558,1.435
2026/9/14,1.42,1.61,NaN,1.44,1.435,1.92,3.34,1.4375,1.85,1.4375,1.4575,1.4875,1.515,1.445,3.85,NaN,1.561,1.44
2026/9/15,1.43,1.61,NaN,1.44,1.435,1.92,3.34,1.435,1.85,1.44,1.455,1.4825,1.515,1.445,3.85,NaN,1.561,1.44
2026/9/16,1.44,1.61,NaN,1.4425,1.435,1.92,3.34,1.435,1.85,1.44,1.4525,1.48,1.51,1.445,3.85,NaN,1.561,1.44
2026/9/17,1.46,1.6175,NaN,1.445,1.4375,1.92,3.34,1.44,1.85,1.4425,1.4575,1.4825,1.5125,1.4425,3.85,NaN,1.561,1.4375
2026/9/18,1.48,1.62,NaN,1.4425,1.4325,1.92,3.34,1.435,1.85,1.4375,1.45,1.48,1.5025,1.4425,3.85,NaN,1.55,1.4375
2026/9/21,1.44,1.62,NaN,1.4475,1.43,1.92,3.34,1.43,1.85,1.44,1.4475,1.4775,1.5025,1.4425,3.85,NaN,1.55,1.435
2026/9/22,1.42,1.61,NaN,1.445,1.43,1.92,3.34,1.4275,1.85,1.445,1.4475,1.47,1.4975,1.445,3.85,NaN,1.545,1.4375
2026/9/23,1.42,1.6025,NaN,1.4425,1.4325,1.92,3.34,1.4325,1.85,1.4425,1.4525,1.475,1.5,1.4475,3.85,NaN,1.545,1.4375
2026/9/24,1.42,1.6025,NaN,1.4375,1.435,1.92,3.34,1.4325,1.85,1.44,1.45,1.475,1.5,1.445,3.85,NaN,1.545,1.4375
2026/9/28,1.42,1.6025,NaN,1.435,1.435,1.92,3.34,1.4325,1.85,1.44,1.455,1.475,1.505,1.447,3.85,NaN,1.545,1.435
